<?xml version="1.0" encoding="UTF-8"?>
<metadata xml:lang="en"><Esri><CreaDate>20150508</CreaDate><CreaTime>14104200</CreaTime><SyncOnce>FALSE</SyncOnce><DataProperties><lineage><Process Name="Create Feature Class" ToolSource="C:\Program Files\ArcGIS\ArcToolbox\Toolboxes\Data Management Tools.tbx\CreateFeatureclass" Date="20060412" Time="074140" export="">CreateFeatureclass C:\DCM_GIS\Coastal_Hazards_Geodata\COASTAL_HAZARDS.mdb\BASEMAP_BOUNDARY County_CAMA_Boundary # County_CAMA_Jurisdiction_Lim SAME_AS_TEMPLATE SAME_AS_TEMPLATE "PROJCS['NAD_1983_StatePlane_North_Carolina_FIPS_3200_Feet',GEOGCS['GCS_North_American_1983',DATUM['D_North_American_1983',SPHEROID['GRS_1980',6378137.0,298.257222101]],PRIMEM['Greenwich',0.0],UNIT['Degree',0.0174532925199433]],PROJECTION['Lambert_Conformal_Conic'],PARAMETER['False_Easting',2000000.002616666],PARAMETER['False_Northing',0.0],PARAMETER['Central_Meridian',-79.0],PARAMETER['Standard_Parallel_1',34.33333333333334],PARAMETER['Standard_Parallel_2',36.16666666666666],PARAMETER['Latitude_Of_Origin',33.75],UNIT['Foot_US',0.3048006096012192]];2000 2000 9.66376338603424;0 100000;0 100000" # 0 0 0 C:\DCM_GIS\Coastal_Hazards_Geodata\COASTAL_HAZARDS.mdb\BASEMAP_BOUNDARY\County_CAMA_Boundary</Process><Process Name="Append" ToolSource="C:\Program Files\ArcGIS\ArcToolbox\Toolboxes\Data Management Tools.tbx\Append" Date="20060412" Time="074141" export="">Append County_CAMA_Jurisdiction_Lim C:\DCM_GIS\Coastal_Hazards_Geodata\COASTAL_HAZARDS.mdb\BASEMAP_BOUNDARY\County_CAMA_Boundary TEST C:\DCM_GIS\Coastal_Hazards_Geodata\COASTAL_HAZARDS.mdb\BASEMAP_BOUNDARY\County_CAMA_Boundary</Process><Process Name="FeatureClassToFeatureClass_70" ToolSource="C:\Program Files\ArcGIS\ArcToolbox\Toolboxes\Conversion Tools.tbx\FeatureClassToFeatureClass" Date="20060412" Time="074142" export="">FeatureClassToFeatureClass D:\GIS\COASTAL_HAZARDS.mdb\BOUNDARIES\County_CAMA_Jurisdiction_Limits C:\DCM_GIS\Coastal_Hazards_Geodata\COASTAL_HAZARDS.mdb\BASEMAP_BOUNDARY County_CAMA_Boundary # "AREA AREA VISIBLE;PERIMETER PERIMETER VISIBLE;CB100_CM_ CB100_CM_ VISIBLE;CB100_CM_I CB100_CM_I VISIBLE;CO_ CO_ VISIBLE;CO_NAME CO_NAME VISIBLE;CO_ABBR CO_ABBR VISIBLE;ACRES ACRES VISIBLE;FIPS FIPS VISIBLE;Shape_Length Shape_Length VISIBLE;Shape_Area Shape_Area VISIBLE;sub_code sub_code VISIBLE" SAME_AS_TEMPLATE SAME_AS_TEMPLATE # 0 C:\DCM_GIS\Coastal_Hazards_Geodata\COASTAL_HAZARDS.mdb\BASEMAP_BOUNDARY\County_CAMA_Boundary</Process><Process ToolSource="c:\program files\arcgis\desktop10.1\ArcToolbox\Toolboxes\Data Management Tools.tbx\Project" Date="20130911" Time="135354" Name="" export="">Project C:\GIS\DATA\COASTAL_MANAGEMENT.gdb\County_Boundaries_CAMA C:\GIS\DATA\COASTAL_MANAGEMENT.gdb\County_Boundaries_CAMA_Proje PROJCS['NAD_1983_StatePlane_North_Carolina_FIPS_3200_Feet',GEOGCS['GCS_North_American_1983',DATUM['D_North_American_1983',SPHEROID['GRS_1980',6378137.0,298.257222101]],PRIMEM['Greenwich',0.0],UNIT['Degree',0.0174532925199433]],PROJECTION['Lambert_Conformal_Conic'],PARAMETER['False_Easting',2000000.002616666],PARAMETER['False_Northing',0.0],PARAMETER['Central_Meridian',-79.0],PARAMETER['Standard_Parallel_1',34.33333333333334],PARAMETER['Standard_Parallel_2',36.16666666666666],PARAMETER['Latitude_Of_Origin',33.75],UNIT['Foot_US',0.3048006096012192]] WGS_1984_(ITRF00)_To_NAD_1983 PROJCS['WGS_1984_Web_Mercator_Auxiliary_Sphere',GEOGCS['GCS_WGS_1984',DATUM['D_WGS_1984',SPHEROID['WGS_1984',6378137.0,298.257223563]],PRIMEM['Greenwich',0.0],UNIT['Degree',0.0174532925199433]],PROJECTION['Mercator_Auxiliary_Sphere'],PARAMETER['False_Easting',0.0],PARAMETER['False_Northing',0.0],PARAMETER['Central_Meridian',0.0],PARAMETER['Standard_Parallel_1',0.0],PARAMETER['Auxiliary_Sphere_Type',0.0],UNIT['Meter',1.0]]</Process><Process ToolSource="c:\program files\arcgis\desktop10.1\ArcToolbox\Toolboxes\Data Management Tools.tbx\CalculateField" Date="20140403" Time="075726">CalculateField "Counties (CAMA Jurisdiction)" FEATURE "CAMA Jurisdiction" VB #</Process></lineage><itemProps><itemLocation><linkage Sync="TRUE">file://\\MHCGIS1\C$\GIS\DATA\COASTAL_MANAGEMENT.gdb</linkage><protocol Sync="TRUE">Local Area Network</protocol></itemLocation><itemName Sync="TRUE">County_Boundaries_CAMA</itemName><imsContentType Sync="TRUE">002</imsContentType><nativeExtBox><westBL Sync="TRUE">2105868.819518</westBL><eastBL Sync="TRUE">3052228.611178</eastBL><southBL Sync="TRUE">32298.091767</southBL><northBL Sync="TRUE">1033668.715006</northBL><exTypeCode Sync="TRUE">1</exTypeCode></nativeExtBox></itemProps><coordRef><type Sync="TRUE">Projected</type><geogcsn Sync="TRUE">GCS_North_American_1983</geogcsn><csUnits Sync="TRUE">Linear Unit: Foot_US (0.304801)</csUnits><projcsn Sync="TRUE">NAD_1983_StatePlane_North_Carolina_FIPS_3200_Feet</projcsn><peXml Sync="TRUE">&lt;ProjectedCoordinateSystem xsi:type='typens:ProjectedCoordinateSystem' xmlns:xsi='http://www.w3.org/2001/XMLSchema-instance' xmlns:xs='http://www.w3.org/2001/XMLSchema' xmlns:typens='http://www.esri.com/schemas/ArcGIS/10.1'&gt;&lt;WKT&gt;PROJCS[&amp;quot;NAD_1983_StatePlane_North_Carolina_FIPS_3200_Feet&amp;quot;,GEOGCS[&amp;quot;GCS_North_American_1983&amp;quot;,DATUM[&amp;quot;D_North_American_1983&amp;quot;,SPHEROID[&amp;quot;GRS_1980&amp;quot;,6378137.0,298.257222101]],PRIMEM[&amp;quot;Greenwich&amp;quot;,0.0],UNIT[&amp;quot;Degree&amp;quot;,0.0174532925199433]],PROJECTION[&amp;quot;Lambert_Conformal_Conic&amp;quot;],PARAMETER[&amp;quot;False_Easting&amp;quot;,2000000.002616666],PARAMETER[&amp;quot;False_Northing&amp;quot;,0.0],PARAMETER[&amp;quot;Central_Meridian&amp;quot;,-79.0],PARAMETER[&amp;quot;Standard_Parallel_1&amp;quot;,34.33333333333334],PARAMETER[&amp;quot;Standard_Parallel_2&amp;quot;,36.16666666666666],PARAMETER[&amp;quot;Latitude_Of_Origin&amp;quot;,33.75],UNIT[&amp;quot;Foot_US&amp;quot;,0.3048006096012192],AUTHORITY[&amp;quot;EPSG&amp;quot;,2264]]&lt;/WKT&gt;&lt;XOrigin&gt;-121841900&lt;/XOrigin&gt;&lt;YOrigin&gt;-93659000&lt;/YOrigin&gt;&lt;XYScale&gt;3048.0060960121928&lt;/XYScale&gt;&lt;ZOrigin&gt;-100000&lt;/ZOrigin&gt;&lt;ZScale&gt;10000&lt;/ZScale&gt;&lt;MOrigin&gt;-100000&lt;/MOrigin&gt;&lt;MScale&gt;10000&lt;/MScale&gt;&lt;XYTolerance&gt;0.0032808333333333331&lt;/XYTolerance&gt;&lt;ZTolerance&gt;0.001&lt;/ZTolerance&gt;&lt;MTolerance&gt;0.001&lt;/MTolerance&gt;&lt;HighPrecision&gt;true&lt;/HighPrecision&gt;&lt;WKID&gt;102719&lt;/WKID&gt;&lt;LatestWKID&gt;2264&lt;/LatestWKID&gt;&lt;/ProjectedCoordinateSystem&gt;</peXml></coordRef></DataProperties><ArcGISFormat>1.0</ArcGISFormat><ModDate>20140103</ModDate><ModTime>14020100</ModTime><scaleRange><minScale>150000000</minScale><maxScale>5000</maxScale></scaleRange><ArcGISProfile>FGDC</ArcGISProfile><SyncDate>20140103</SyncDate><SyncTime>14020100</SyncTime><ArcGISstyle>ISO 19139 Metadata Implementation Specification</ArcGISstyle></Esri><dataIdInfo><idPurp>This shapefile represents the twenty NC county boundaries under the Costal Area Management Act (CAMA) jurisdiction.</idPurp><idCitation xmlns=""><resTitle>North Carolina Coastal Counties within CAMA Jurisdiction</resTitle><presForm xmlns=""><PresFormCd value="005" Sync="TRUE"/></presForm><resAltTitle>Coastal North Carolina Counties (CAMA Jurisdiction)</resAltTitle><collTitle>GIS Analyst</collTitle><citRespParty xmlns=""><rpIndName>GIS Coordinator</rpIndName><rpOrgName>NC Center for Geographic Information and Analysis</rpOrgName><rpPosName>GIS Coordinator</rpPosName><role><RoleCd value="001"/></role></citRespParty><resEd>Final</resEd><resEdDate>20060101</resEdDate></idCitation><searchKeys><keyword>Coastal Counties</keyword><keyword>CAMA Jurisdiction</keyword></searchKeys><idAbs>&lt;DIV STYLE="text-align:Left;"&gt;&lt;DIV&gt;&lt;DIV&gt;&lt;P&gt;&lt;SPAN&gt;20 North Carolina coastal counties under CAMA jurisdiction (&lt;/SPAN&gt;&lt;SPAN STYLE="font-style:italic;"&gt;Beaufort, Bertie, Brunswick, Camden, Chowan, Currituck, Carteret, Craven, Dare, Gates, Hertford, Hyde, New Hanover, Onslow, Pamlico, Pasquotank, Pender, Perquimans, Tyrrell, Washington&lt;/SPAN&gt;&lt;SPAN&gt;)&lt;/SPAN&gt;&lt;/P&gt;&lt;/DIV&gt;&lt;/DIV&gt;&lt;/DIV&gt;</idAbs><idCredit>North Carolina Center for Geographic Information and Analysis (CGIA)</idCredit><resConst><Consts><useLimit>&lt;DIV STYLE="text-align:Left;"&gt;&lt;DIV&gt;&lt;DIV&gt;&lt;P&gt;&lt;SPAN&gt;Should not be used for navigational purposes, &lt;/SPAN&gt;&lt;/P&gt;&lt;/DIV&gt;&lt;/DIV&gt;&lt;/DIV&gt;</useLimit></Consts></resConst><dataExt><geoEle xmlns=""><GeoBndBox esriExtentType="search"><westBL Sync="TRUE">-78.651432</westBL><eastBL Sync="TRUE">-75.418110</eastBL><northBL Sync="TRUE">36.589385</northBL><southBL Sync="TRUE">33.788307</southBL></GeoBndBox></geoEle></dataExt><envirDesc Sync="TRUE">Microsoft Windows XP Version 5.1 (Build 2600) Service Pack 3; Esri ArcGIS 10.1.0.3035</envirDesc><dataLang><languageCode value="en" Sync="TRUE"/><countryCode value="US" Sync="TRUE"/></dataLang><spatRpType><SpatRepTypCd value="001" Sync="TRUE"/></spatRpType></dataIdInfo><mdLang><languageCode value="en" Sync="TRUE"/><countryCode value="US" Sync="TRUE"/></mdLang><distInfo><distFormat><formatName Sync="TRUE">File Geodatabase Feature Class</formatName></distFormat></distInfo><mdHrLv><ScopeCd value="005" Sync="TRUE"/></mdHrLv><mdHrLvName Sync="TRUE">dataset</mdHrLvName><refSysInfo><RefSystem><refSysID><identCode code="2264" Sync="TRUE" value="2264"/><idCodeSpace Sync="TRUE">EPSG</idCodeSpace><idVersion Sync="TRUE">7.9.4</idVersion></refSysID></RefSystem></refSysInfo><spatRepInfo><VectSpatRep><geometObjs Name="County_Boundaries_CAMA"><geoObjTyp><GeoObjTypCd value="002" Sync="TRUE"></GeoObjTypCd></geoObjTyp><geoObjCnt Sync="TRUE">20</geoObjCnt></geometObjs><topLvl><TopoLevCd value="001" Sync="TRUE"></TopoLevCd></topLvl></VectSpatRep></spatRepInfo><spdoinfo><ptvctinf><esriterm Name="County_Boundaries_CAMA"><efeatyp Sync="TRUE">Simple</efeatyp><efeageom code="4" Sync="TRUE"></efeageom><esritopo Sync="TRUE">FALSE</esritopo><efeacnt Sync="TRUE">20</efeacnt><spindex Sync="TRUE">TRUE</spindex><linrefer Sync="TRUE">FALSE</linrefer></esriterm></ptvctinf></spdoinfo><eainfo><detailed Name="County_Boundaries_CAMA" xmlns=""><enttyp><enttypl Sync="TRUE">County_Boundaries_CAMA</enttypl><enttypt Sync="TRUE">Feature Class</enttypt><enttypc Sync="TRUE">20</enttypc></enttyp><attr xmlns=""><attrlabl Sync="TRUE">OBJECTID</attrlabl><attalias Sync="TRUE">OBJECTID</attalias><attrtype Sync="TRUE">OID</attrtype><attwidth Sync="TRUE">4</attwidth><atprecis Sync="TRUE">0</atprecis><attscale Sync="TRUE">0</attscale><attrdef Sync="TRUE">Internal feature number.</attrdef><attrdefs Sync="TRUE">Esri</attrdefs><attrdomv><udom Sync="TRUE">Sequential unique whole numbers that are automatically generated.</udom></attrdomv></attr><attr xmlns=""><attrlabl Sync="TRUE">Shape</attrlabl><attalias Sync="TRUE">Shape</attalias><attrtype Sync="TRUE">Geometry</attrtype><attwidth Sync="TRUE">0</attwidth><atprecis Sync="TRUE">0</atprecis><attscale Sync="TRUE">0</attscale><attrdef Sync="TRUE">Feature geometry.</attrdef><attrdefs Sync="TRUE">Esri</attrdefs><attrdomv><udom Sync="TRUE">Coordinates defining the features.</udom></attrdomv></attr><attr xmlns=""><attrlabl Sync="TRUE">AREA</attrlabl><attalias Sync="TRUE">AREA</attalias><attrtype Sync="TRUE">Double</attrtype><attwidth Sync="TRUE">8</attwidth><atprecis Sync="TRUE">0</atprecis><attscale Sync="TRUE">0</attscale><attrdef>Polygon area (sqft.)</attrdef><attrdefs>ArcGIS</attrdefs></attr><attr xmlns=""><attrlabl Sync="TRUE">PERIMETER</attrlabl><attalias Sync="TRUE">PERIMETER</attalias><attrtype Sync="TRUE">Double</attrtype><attwidth Sync="TRUE">8</attwidth><atprecis Sync="TRUE">0</atprecis><attscale Sync="TRUE">0</attscale></attr><attr xmlns=""><attrlabl Sync="TRUE">CB100_CM_</attrlabl><attalias Sync="TRUE">CB100_CM_</attalias><attrtype Sync="TRUE">Double</attrtype><attwidth Sync="TRUE">8</attwidth><atprecis Sync="TRUE">0</atprecis><attscale Sync="TRUE">0</attscale></attr><attr xmlns=""><attrlabl Sync="TRUE">CB100_CM_I</attrlabl><attalias Sync="TRUE">CB100_CM_I</attalias><attrtype Sync="TRUE">Double</attrtype><attwidth Sync="TRUE">8</attwidth><atprecis Sync="TRUE">0</atprecis><attscale Sync="TRUE">0</attscale></attr><attr xmlns=""><attrlabl Sync="TRUE">CO_</attrlabl><attalias Sync="TRUE">CO_</attalias><attrtype Sync="TRUE">Double</attrtype><attwidth Sync="TRUE">8</attwidth><atprecis Sync="TRUE">0</atprecis><attscale Sync="TRUE">0</attscale></attr><attr xmlns=""><attrlabl Sync="TRUE">CO_NAME</attrlabl><attalias Sync="TRUE">County Name</attalias><attrtype Sync="TRUE">String</attrtype><attwidth Sync="TRUE">15</attwidth><atprecis Sync="TRUE">0</atprecis><attscale Sync="TRUE">0</attscale><attrdef>County Name</attrdef><attrdefs>North Carolina</attrdefs></attr><attr xmlns=""><attrlabl Sync="TRUE">CO_ABBR</attrlabl><attalias Sync="FALSE">County Name Abbreviation</attalias><attrtype Sync="TRUE">String</attrtype><attwidth Sync="TRUE">4</attwidth><atprecis Sync="TRUE">0</atprecis><attscale Sync="TRUE">0</attscale><attrdef>County name abbreviation</attrdef><attrdefs>NC DCM</attrdefs></attr><attr xmlns=""><attrlabl Sync="TRUE">ACRES</attrlabl><attalias Sync="TRUE">ACRES</attalias><attrtype Sync="TRUE">Double</attrtype><attwidth Sync="TRUE">8</attwidth><atprecis Sync="TRUE">0</atprecis><attscale Sync="TRUE">0</attscale></attr><attr xmlns=""><attrlabl Sync="TRUE">FIPS</attrlabl><attalias Sync="TRUE">FIPS</attalias><attrtype Sync="TRUE">Double</attrtype><attwidth Sync="TRUE">8</attwidth><atprecis Sync="TRUE">0</atprecis><attscale Sync="TRUE">0</attscale><attrdef>Federal Information Processing System</attrdef><attrdefs>U.S. Government</attrdefs></attr><attr xmlns=""><attrlabl Sync="TRUE">sub_code</attrlabl><attalias Sync="TRUE">Land</attalias><attrtype Sync="TRUE">String</attrtype><attwidth Sync="TRUE">10</attwidth><atprecis Sync="TRUE">0</atprecis><attscale Sync="TRUE">0</attscale><attrdef>Sub Code</attrdef><attrdefs>NC</attrdefs></attr><attr xmlns=""><attrlabl Sync="TRUE">DCM_OFF</attrlabl><attalias Sync="FALSE">DCM Office</attalias><attrtype Sync="TRUE">String</attrtype><attwidth Sync="TRUE">100</attwidth><atprecis Sync="TRUE">0</atprecis><attscale Sync="TRUE">0</attscale><attrdef>Regional DCM office</attrdef><attrdefs>NC DCM</attrdefs><attrdomv><rdom xmlns=""><rdommin>None</rdommin><rdommax>None</rdommax></rdom></attrdomv><attrdomv><edom xmlns=""><edomv>None</edomv><edomvd>None</edomvd><edomvds>None</edomvds></edom></attrdomv></attr><attr xmlns=""><attrlabl Sync="TRUE">Shape_Length</attrlabl><attalias Sync="TRUE">Shape_Length</attalias><attrtype Sync="TRUE">Double</attrtype><attwidth Sync="TRUE">8</attwidth><atprecis Sync="TRUE">0</atprecis><attscale Sync="TRUE">0</attscale><attrdef Sync="TRUE">Length of feature in internal units.</attrdef><attrdefs Sync="TRUE">Esri</attrdefs><attrdomv><udom Sync="TRUE">Positive real numbers that are automatically generated.</udom></attrdomv></attr><attr xmlns=""><attrlabl Sync="TRUE">Shape_Area</attrlabl><attalias Sync="FALSE">Shape Area</attalias><attrtype Sync="TRUE">Double</attrtype><attwidth Sync="TRUE">8</attwidth><atprecis Sync="TRUE">0</atprecis><attscale Sync="TRUE">0</attscale><attrdef Sync="TRUE">Area of feature in internal units squared.</attrdef><attrdefs Sync="TRUE">Esri</attrdefs><attrdomv><udom Sync="TRUE">Positive real numbers that are automatically generated.</udom></attrdomv></attr></detailed></eainfo><mdDateSt Sync="TRUE">20140103</mdDateSt><mdContact xmlns=""><rpIndName>Ken Richardson</rpIndName><rpOrgName>North Carolina Divsion of Coastal Management (NC DCM)</rpOrgName><rpPosName>GIS Analyst</rpPosName><role><RoleCd value="007"/></role><displayName>Ken Richardson</displayName><rpCntInfo xmlns=""><cntAddress addressType="both"><delPoint>400 Commerce Avenue</delPoint><city>Morehead City</city><adminArea>North Carolina</adminArea><postCode>28557</postCode><eMailAdd>ken.richardson@ncdenr.gov</eMailAdd><country>US</country></cntAddress><cntPhone><voiceNum tddtty="">252-808-2808</voiceNum></cntPhone><cntHours>8:00 am - 5:00 pm EST</cntHours></rpCntInfo></mdContact></metadata>
